time,y,x,band,spatial_ref,Corn3_pydms_sharpened_modis_catd
2022-06-01,4218124.264616517,629039.988318814,1.0,0.0,NA
2022-06-01,4218915.448835425,629039.988318814,1.0,0.0,NA
2022-06-01,4218915.448835425,629385.2947743271,1.0,0.0,25.127204589843757
2022-06-01,4218562.796391891,629039.988318814,1.0,0.0,NA
2022-06-01,4219026.109108419,629385.2947743271,1.0,0.0,NA
2022-06-01,4218124.264616517,629385.2947743271,1.0,0.0,26.385688476562507
2022-06-01,4219026.109108419,629039.988318814,1.0,0.0,NA
2022-06-01,4218562.796391891,629385.2947743271,1.0,0.0,NA
2022-06-02,4218562.796391891,629385.2947743271,1.0,0.0,NA
2022-06-02,4218915.448835425,629039.988318814,1.0,0.0,NA
2022-06-02,4218124.264616517,629039.988318814,1.0,0.0,NA
2022-06-02,4219026.109108419,629039.988318814,1.0,0.0,NA
2022-06-02,4218915.448835425,629385.2947743271,1.0,0.0,16.02591430664063
2022-06-02,4218124.264616517,629385.2947743271,1.0,0.0,16.10269653320313
2022-06-02,4219026.109108419,629385.2947743271,1.0,0.0,NA
2022-06-02,4218562.796391891,629039.988318814,1.0,0.0,NA
2022-06-03,4218562.796391891,629039.988318814,1.0,0.0,NA
2022-06-03,4218124.264616517,629385.2947743271,1.0,0.0,8.92034179687505
2022-06-03,4219026.109108419,629039.988318814,1.0,0.0,NA
2022-06-03,4218562.796391891,629385.2947743271,1.0,0.0,NA
2022-06-03,4219026.109108419,629385.2947743271,1.0,0.0,NA
2022-06-03,4218915.448835425,629039.988318814,1.0,0.0,NA
2022-06-03,4218915.448835425,629385.2947743271,1.0,0.0,5.838890380859425
2022-06-03,4218124.264616517,629039.988318814,1.0,0.0,NA
2022-06-04,4218562.796391891,629039.988318814,1.0,0.0,NA
2022-06-04,4218124.264616517,629385.2947743271,1.0,0.0,NA
2022-06-04,4218124.264616517,629039.988318814,1.0,0.0,NA
2022-06-04,4219026.109108419,629385.2947743271,1.0,0.0,NA
2022-06-04,4218915.448835425,629385.2947743271,1.0,0.0,NA
2022-06-04,4219026.109108419,629039.988318814,1.0,0.0,NA
2022-06-04,4218562.796391891,629385.2947743271,1.0,0.0,NA
2022-06-04,4218915.448835425,629039.988318814,1.0,0.0,NA
2022-06-05,4218124.264616517,629039.988318814,1.0,0.0,NA
2022-06-05,4218562.796391891,629385.2947743271,1.0,0.0,NA
2022-06-05,4218915.448835425,629039.988318814,1.0,0.0,NA
2022-06-05,4218915.448835425,629385.2947743271,1.0,0.0,1.173956298828159
2022-06-05,4219026.109108419,629039.988318814,1.0,0.0,NA
2022-06-05,4219026.109108419,629385.2947743271,1.0,0.0,NA
2022-06-05,4218562.796391891,629039.988318814,1.0,0.0,NA
2022-06-05,4218124.264616517,629385.2947743271,1.0,0.0,1.801885986328159
2022-06-06,4218562.796391891,629039.988318814,1.0,0.0,NA
2022-06-06,4219026.109108419,629039.988318814,1.0,0.0,NA
2022-06-06,4218562.796391891,629385.2947743271,1.0,0.0,NA
2022-06-06,4218124.264616517,629385.2947743271,1.0,0.0,27.558510742187536
2022-06-06,4218124.264616517,629039.988318814,1.0,0.0,NA
2022-06-06,4219026.109108419,629385.2947743271,1.0,0.0,NA
2022-06-06,4218915.448835425,629385.2947743271,1.0,0.0,25.18158813476566
2022-06-06,4218915.448835425,629039.988318814,1.0,0.0,NA
2022-06-07,4219026.109108419,629385.2947743271,1.0,0.0,NA
2022-06-07,4218562.796391891,629385.2947743271,1.0,0.0,NA
2022-06-07,4219026.109108419,629039.988318814,1.0,0.0,NA
2022-06-07,4218915.448835425,629385.2947743271,1.0,0.0,14.916241455078136
2022-06-07,4218562.796391891,629039.988318814,1.0,0.0,NA
2022-06-07,4218915.448835425,629039.988318814,1.0,0.0,NA
2022-06-07,4218124.264616517,629039.988318814,1.0,0.0,NA
2022-06-07,4218124.264616517,629385.2947743271,1.0,0.0,15.932171630859386
2022-06-08,4218562.796391891,629385.2947743271,1.0,0.0,NA
2022-06-08,4218915.448835425,629039.988318814,1.0,0.0,NA
2022-06-08,4218124.264616517,629385.2947743271,1.0,0.0,21.58114746093753
2022-06-08,4218562.796391891,629039.988318814,1.0,0.0,NA
2022-06-08,4218124.264616517,629039.988318814,1.0,0.0,NA
2022-06-08,4219026.109108419,629385.2947743271,1.0,0.0,NA
2022-06-08,4218915.448835425,629385.2947743271,1.0,0.0,19.382691650390655
2022-06-08,4219026.109108419,629039.988318814,1.0,0.0,NA
2022-06-09,4218562.796391891,629385.2947743271,1.0,0.0,NA
2022-06-09,4219026.109108419,629385.2947743271,1.0,0.0,NA
2022-06-09,4218562.796391891,629039.988318814,1.0,0.0,NA
2022-06-09,4218915.448835425,629039.988318814,1.0,0.0,NA
2022-06-09,4218124.264616517,629039.988318814,1.0,0.0,NA
2022-06-09,4218915.448835425,629385.2947743271,1.0,0.0,16.94040405273438
2022-06-09,4218124.264616517,629385.2947743271,1.0,0.0,18.282902832031255
2022-06-09,4219026.109108419,629039.988318814,1.0,0.0,NA
2022-06-10,4218915.448835425,629039.988318814,1.0,0.0,NA
2022-06-10,4218124.264616517,629039.988318814,1.0,0.0,NA
2022-06-10,4218915.448835425,629385.2947743271,1.0,0.0,14.939289550781268
2022-06-10,4218562.796391891,629039.988318814,1.0,0.0,NA
2022-06-10,4218124.264616517,629385.2947743271,1.0,0.0,16.281727294921893
2022-06-10,4219026.109108419,629039.988318814,1.0,0.0,NA
2022-06-10,4219026.109108419,629385.2947743271,1.0,0.0,NA
2022-06-10,4218562.796391891,629385.2947743271,1.0,0.0,NA
2022-06-11,4218124.264616517,629039.988318814,1.0,0.0,NA
2022-06-11,4218915.448835425,629385.2947743271,1.0,0.0,15.374273681640659
2022-06-11,4219026.109108419,629385.2947743271,1.0,0.0,NA
2022-06-11,4218915.448835425,629039.988318814,1.0,0.0,NA
2022-06-11,4218562.796391891,629385.2947743271,1.0,0.0,NA
2022-06-11,4219026.109108419,629039.988318814,1.0,0.0,NA
2022-06-11,4218562.796391891,629039.988318814,1.0,0.0,NA
2022-06-11,4218124.264616517,629385.2947743271,1.0,0.0,16.738134765625034
2022-06-12,4219026.109108419,629039.988318814,1.0,0.0,NA
2022-06-12,4219026.109108419,629385.2947743271,1.0,0.0,NA
2022-06-12,4218915.448835425,629385.2947743271,1.0,0.0,9.492974853515648
2022-06-12,4218124.264616517,629385.2947743271,1.0,0.0,9.601617431640648
2022-06-12,4218562.796391891,629039.988318814,1.0,0.0,NA
2022-06-12,4218124.264616517,629039.988318814,1.0,0.0,NA
2022-06-12,4218915.448835425,629039.988318814,1.0,0.0,NA
2022-06-12,4218562.796391891,629385.2947743271,1.0,0.0,NA
2022-06-13,4218915.448835425,629385.2947743271,1.0,0.0,22.008518066406282
2022-06-13,4218562.796391891,629039.988318814,1.0,0.0,NA
2022-06-13,4218915.448835425,629039.988318814,1.0,0.0,NA
2022-06-13,4218562.796391891,629385.2947743271,1.0,0.0,NA
2022-06-13,4219026.109108419,629385.2947743271,1.0,0.0,NA
2022-06-13,4218124.264616517,629039.988318814,1.0,0.0,NA
2022-06-13,4219026.109108419,629039.988318814,1.0,0.0,NA
2022-06-13,4218124.264616517,629385.2947743271,1.0,0.0,22.615146484375032
2022-06-14,4218562.796391891,629385.2947743271,1.0,0.0,NA
2022-06-14,4218124.264616517,629039.988318814,1.0,0.0,NA
2022-06-14,4219026.109108419,629385.2947743271,1.0,0.0,NA
2022-06-14,4219026.109108419,629039.988318814,1.0,0.0,NA
2022-06-14,4218915.448835425,629385.2947743271,1.0,0.0,13.378040771484393
2022-06-14,4218915.448835425,629039.988318814,1.0,0.0,NA
2022-06-14,4218124.264616517,629385.2947743271,1.0,0.0,14.374378662109393
2022-06-14,4218562.796391891,629039.988318814,1.0,0.0,NA
2022-06-15,4219026.109108419,629385.2947743271,1.0,0.0,NA
2022-06-15,4218124.264616517,629385.2947743271,1.0,0.0,21.4031982421875
2022-06-15,4219026.109108419,629039.988318814,1.0,0.0,NA
2022-06-15,4218124.264616517,629039.988318814,1.0,0.0,NA
2022-06-15,4218562.796391891,629385.2947743271,1.0,0.0,NA
2022-06-15,4218562.796391891,629039.988318814,1.0,0.0,NA
2022-06-15,4218915.448835425,629385.2947743271,1.0,0.0,20.03460693359375
2022-06-15,4218915.448835425,629039.988318814,1.0,0.0,NA
2022-06-16,4218562.796391891,629039.988318814,1.0,0.0,NA
2022-06-16,4218915.448835425,629039.988318814,1.0,0.0,NA
2022-06-16,4218124.264616517,629385.2947743271,1.0,0.0,17.562153320312518
2022-06-16,4218562.796391891,629385.2947743271,1.0,0.0,NA
2022-06-16,4219026.109108419,629385.2947743271,1.0,0.0,NA
2022-06-16,4218915.448835425,629385.2947743271,1.0,0.0,13.212971191406268
2022-06-16,4219026.109108419,629039.988318814,1.0,0.0,NA
2022-06-16,4218124.264616517,629039.988318814,1.0,0.0,NA
2022-06-17,4218124.264616517,629385.2947743271,1.0,0.0,15.249586181640666
2022-06-17,4218915.448835425,629385.2947743271,1.0,0.0,12.449903564453166
2022-06-17,4219026.109108419,629039.988318814,1.0,0.0,NA
2022-06-17,4218562.796391891,629039.988318814,1.0,0.0,NA
2022-06-17,4218562.796391891,629385.2947743271,1.0,0.0,NA
2022-06-17,4218915.448835425,629039.988318814,1.0,0.0,NA
2022-06-17,4219026.109108419,629385.2947743271,1.0,0.0,NA
2022-06-17,4218124.264616517,629039.988318814,1.0,0.0,NA
2022-06-18,4218915.448835425,629385.2947743271,1.0,0.0,14.727365722656259
2022-06-18,4219026.109108419,629385.2947743271,1.0,0.0,NA
2022-06-18,4218915.448835425,629039.988318814,1.0,0.0,NA
2022-06-18,4218124.264616517,629385.2947743271,1.0,0.0,19.66755126953126
2022-06-18,4219026.109108419,629039.988318814,1.0,0.0,NA
2022-06-18,4218124.264616517,629039.988318814,1.0,0.0,NA
2022-06-18,4218562.796391891,629039.988318814,1.0,0.0,NA
2022-06-18,4218562.796391891,629385.2947743271,1.0,0.0,NA
2022-06-19,4218124.264616517,629039.988318814,1.0,0.0,NA
2022-06-19,4218915.448835425,629039.988318814,1.0,0.0,NA
2022-06-19,4219026.109108419,629385.2947743271,1.0,0.0,NA
2022-06-19,4218124.264616517,629385.2947743271,1.0,0.0,11.406223144531282
2022-06-19,4218562.796391891,629385.2947743271,1.0,0.0,NA
2022-06-19,4218915.448835425,629385.2947743271,1.0,0.0,9.147128906250032
2022-06-19,4218562.796391891,629039.988318814,1.0,0.0,NA
2022-06-19,4219026.109108419,629039.988318814,1.0,0.0,NA
2022-06-20,4218124.264616517,629385.2947743271,1.0,0.0,17.85281860351563
2022-06-20,4219026.109108419,629039.988318814,1.0,0.0,NA
2022-06-20,4218124.264616517,629039.988318814,1.0,0.0,NA
2022-06-20,4218915.448835425,629039.988318814,1.0,0.0,NA
2022-06-20,4218915.448835425,629385.2947743271,1.0,0.0,14.47128784179688
2022-06-20,4218562.796391891,629385.2947743271,1.0,0.0,NA
2022-06-20,4219026.109108419,629385.2947743271,1.0,0.0,NA
2022-06-20,4218562.796391891,629039.988318814,1.0,0.0,NA
2022-06-21,4218124.264616517,629039.988318814,1.0,0.0,NA
2022-06-21,4218562.796391891,629385.2947743271,1.0,0.0,NA
2022-06-21,4218915.448835425,629385.2947743271,1.0,0.0,3.8585485839843727
2022-06-21,4218562.796391891,629039.988318814,1.0,0.0,NA
2022-06-21,4218124.264616517,629385.2947743271,1.0,0.0,4.685117187499998
2022-06-21,4219026.109108419,629039.988318814,1.0,0.0,NA
2022-06-21,4219026.109108419,629385.2947743271,1.0,0.0,NA
2022-06-21,4218915.448835425,629039.988318814,1.0,0.0,NA
2022-06-22,4219026.109108419,629039.988318814,1.0,0.0,NA
2022-06-22,4218124.264616517,629039.988318814,1.0,0.0,NA
2022-06-22,4219026.109108419,629385.2947743271,1.0,0.0,NA
2022-06-22,4218562.796391891,629385.2947743271,1.0,0.0,NA
2022-06-22,4218562.796391891,629039.988318814,1.0,0.0,NA
2022-06-22,4218915.448835425,629385.2947743271,1.0,0.0,-2.562734374999991
2022-06-22,4218915.448835425,629039.988318814,1.0,0.0,NA
2022-06-22,4218124.264616517,629385.2947743271,1.0,0.0,5.272775878906259
2022-06-23,4219026.109108419,629039.988318814,1.0,0.0,NA
2022-06-23,4218562.796391891,629039.988318814,1.0,0.0,NA
2022-06-23,4218124.264616517,629039.988318814,1.0,0.0,NA
2022-06-23,4219026.109108419,629385.2947743271,1.0,0.0,NA
2022-06-23,4218124.264616517,629385.2947743271,1.0,0.0,10.445209960937518
2022-06-23,4218915.448835425,629039.988318814,1.0,0.0,NA
2022-06-23,4218915.448835425,629385.2947743271,1.0,0.0,4.079151611328143
2022-06-23,4218562.796391891,629385.2947743271,1.0,0.0,NA
2022-06-24,4218124.264616517,629385.2947743271,1.0,0.0,13.116915283203127
2022-06-24,4218124.264616517,629039.988318814,1.0,0.0,NA
2022-06-24,4218562.796391891,629385.2947743271,1.0,0.0,NA
2022-06-24,4219026.109108419,629385.2947743271,1.0,0.0,NA
2022-06-24,4218562.796391891,629039.988318814,1.0,0.0,NA
2022-06-24,4219026.109108419,629039.988318814,1.0,0.0,NA
2022-06-24,4218915.448835425,629039.988318814,1.0,0.0,NA
2022-06-24,4218915.448835425,629385.2947743271,1.0,0.0,10.160433349609377
2022-06-25,4218915.448835425,629039.988318814,1.0,0.0,NA
2022-06-25,4218562.796391891,629039.988318814,1.0,0.0,NA
2022-06-25,4218124.264616517,629039.988318814,1.0,0.0,NA
2022-06-25,4218562.796391891,629385.2947743271,1.0,0.0,NA
2022-06-25,4218915.448835425,629385.2947743271,1.0,0.0,9.851295166015632
2022-06-25,4219026.109108419,629385.2947743271,1.0,0.0,NA
2022-06-25,4219026.109108419,629039.988318814,1.0,0.0,NA
2022-06-25,4218124.264616517,629385.2947743271,1.0,0.0,12.084937744140632
2022-06-26,4219026.109108419,629385.2947743271,1.0,0.0,NA
2022-06-26,4218915.448835425,629039.988318814,1.0,0.0,NA
2022-06-26,4218915.448835425,629385.2947743271,1.0,0.0,10.916408691406275
2022-06-26,4218124.264616517,629039.988318814,1.0,0.0,NA
2022-06-26,4218124.264616517,629385.2947743271,1.0,0.0,12.406276855468775
2022-06-26,4218562.796391891,629385.2947743271,1.0,0.0,NA
2022-06-26,4219026.109108419,629039.988318814,1.0,0.0,NA
2022-06-26,4218562.796391891,629039.988318814,1.0,0.0,NA
2022-06-27,4218562.796391891,629385.2947743271,1.0,0.0,NA
2022-06-27,4218915.448835425,629385.2947743271,1.0,0.0,8.727891845703141
2022-06-27,4218915.448835425,629039.988318814,1.0,0.0,NA
2022-06-27,4218124.264616517,629385.2947743271,1.0,0.0,11.650834960937516
2022-06-27,4219026.109108419,629039.988318814,1.0,0.0,NA
2022-06-27,4218562.796391891,629039.988318814,1.0,0.0,NA
2022-06-27,4218124.264616517,629039.988318814,1.0,0.0,NA
2022-06-27,4219026.109108419,629385.2947743271,1.0,0.0,NA
2022-06-28,4218124.264616517,629385.2947743271,1.0,0.0,4.347913818359416
2022-06-28,4218562.796391891,629039.988318814,1.0,0.0,NA
2022-06-28,4218915.448835425,629039.988318814,1.0,0.0,NA
2022-06-28,4218124.264616517,629039.988318814,1.0,0.0,NA
2022-06-28,4218562.796391891,629385.2947743271,1.0,0.0,NA
2022-06-28,4218915.448835425,629385.2947743271,1.0,0.0,3.720472412109416
2022-06-28,4219026.109108419,629039.988318814,1.0,0.0,NA
2022-06-28,4219026.109108419,629385.2947743271,1.0,0.0,NA
2022-06-29,4218562.796391891,629385.2947743271,1.0,0.0,NA
2022-06-29,4219026.109108419,629385.2947743271,1.0,0.0,NA
2022-06-29,4218915.448835425,629039.988318814,1.0,0.0,NA
2022-06-29,4218562.796391891,629039.988318814,1.0,0.0,NA
2022-06-29,4219026.109108419,629039.988318814,1.0,0.0,NA
2022-06-29,4218124.264616517,629039.988318814,1.0,0.0,NA
2022-06-29,4218124.264616517,629385.2947743271,1.0,0.0,13.475689697265636
2022-06-29,4218915.448835425,629385.2947743271,1.0,0.0,10.775616455078136
2022-06-30,4218915.448835425,629039.988318814,1.0,0.0,NA
2022-06-30,4218124.264616517,629385.2947743271,1.0,0.0,9.697156982421916
2022-06-30,4219026.109108419,629039.988318814,1.0,0.0,NA
2022-06-30,4218562.796391891,629385.2947743271,1.0,0.0,NA
2022-06-30,4218124.264616517,629039.988318814,1.0,0.0,NA
2022-06-30,4218562.796391891,629039.988318814,1.0,0.0,NA
2022-06-30,4218915.448835425,629385.2947743271,1.0,0.0,8.508314208984416
2022-06-30,4219026.109108419,629385.2947743271,1.0,0.0,NA
2022-07-01,4218915.448835425,629039.988318814,1.0,0.0,NA
2022-07-01,4218915.448835425,629385.2947743271,1.0,0.0,11.330277099609418
2022-07-01,4218124.264616517,629385.2947743271,1.0,0.0,13.454392089843793
2022-07-01,4218562.796391891,629039.988318814,1.0,0.0,NA
2022-07-01,4218562.796391891,629385.2947743271,1.0,0.0,NA
2022-07-01,4219026.109108419,629039.988318814,1.0,0.0,NA
2022-07-01,4218124.264616517,629039.988318814,1.0,0.0,NA
2022-07-01,4219026.109108419,629385.2947743271,1.0,0.0,NA
2022-07-02,4219026.109108419,629385.2947743271,1.0,0.0,NA
2022-07-02,4218124.264616517,629385.2947743271,1.0,0.0,9.304891357421923
2022-07-02,4219026.109108419,629039.988318814,1.0,0.0,NA
2022-07-02,4218915.448835425,629039.988318814,1.0,0.0,NA
2022-07-02,4218124.264616517,629039.988318814,1.0,0.0,NA
2022-07-02,4218562.796391891,629039.988318814,1.0,0.0,NA
2022-07-02,4218915.448835425,629385.2947743271,1.0,0.0,8.026174316406298
2022-07-02,4218562.796391891,629385.2947743271,1.0,0.0,NA
2022-07-03,4218124.264616517,629039.988318814,1.0,0.0,NA
2022-07-03,4218124.264616517,629385.2947743271,1.0,0.0,11.227283935546893
2022-07-03,4219026.109108419,629385.2947743271,1.0,0.0,NA
2022-07-03,4218915.448835425,629385.2947743271,1.0,0.0,10.914967041015643
2022-07-03,4218562.796391891,629385.2947743271,1.0,0.0,NA
2022-07-03,4218562.796391891,629039.988318814,1.0,0.0,NA
2022-07-03,4218915.448835425,629039.988318814,1.0,0.0,NA
2022-07-03,4219026.109108419,629039.988318814,1.0,0.0,NA
2022-07-04,4218915.448835425,629039.988318814,1.0,0.0,NA
2022-07-04,4219026.109108419,629385.2947743271,1.0,0.0,NA
2022-07-04,4219026.109108419,629039.988318814,1.0,0.0,NA
2022-07-04,4218562.796391891,629039.988318814,1.0,0.0,NA
2022-07-04,4218124.264616517,629039.988318814,1.0,0.0,NA
2022-07-04,4218562.796391891,629385.2947743271,1.0,0.0,NA
2022-07-04,4218124.264616517,629385.2947743271,1.0,0.0,2.8101245117187545
2022-07-04,4218915.448835425,629385.2947743271,1.0,0.0,3.4907885742187545
2022-07-05,4218124.264616517,629039.988318814,1.0,0.0,NA
2022-07-05,4218915.448835425,629039.988318814,1.0,0.0,NA
2022-07-05,4218915.448835425,629385.2947743271,1.0,0.0,7.2075451660156205
2022-07-05,4219026.109108419,629039.988318814,1.0,0.0,NA
2022-07-05,4219026.109108419,629385.2947743271,1.0,0.0,NA
2022-07-05,4218124.264616517,629385.2947743271,1.0,0.0,7.9773510742187455
2022-07-05,4218562.796391891,629385.2947743271,1.0,0.0,NA
2022-07-05,4218562.796391891,629039.988318814,1.0,0.0,NA
2022-07-06,4218124.264616517,629385.2947743271,1.0,0.0,9.453466796875034
2022-07-06,4218915.448835425,629039.988318814,1.0,0.0,NA
2022-07-06,4218124.264616517,629039.988318814,1.0,0.0,NA
2022-07-06,4219026.109108419,629039.988318814,1.0,0.0,NA
2022-07-06,4218562.796391891,629385.2947743271,1.0,0.0,NA
2022-07-06,4218562.796391891,629039.988318814,1.0,0.0,NA
2022-07-06,4218915.448835425,629385.2947743271,1.0,0.0,8.587896728515659
2022-07-06,4219026.109108419,629385.2947743271,1.0,0.0,NA
2022-07-07,4218915.448835425,629385.2947743271,1.0,0.0,6.368419189453164
2022-07-07,4218915.448835425,629039.988318814,1.0,0.0,NA
2022-07-07,4218124.264616517,629039.988318814,1.0,0.0,NA
2022-07-07,4218562.796391891,629385.2947743271,1.0,0.0,NA
2022-07-07,4219026.109108419,629039.988318814,1.0,0.0,NA
2022-07-07,4218562.796391891,629039.988318814,1.0,0.0,NA
2022-07-07,4218124.264616517,629385.2947743271,1.0,0.0,6.297496337890664
2022-07-07,4219026.109108419,629385.2947743271,1.0,0.0,NA
2022-07-08,4218124.264616517,629385.2947743271,1.0,0.0,8.678355712890664
2022-07-08,4218562.796391891,629385.2947743271,1.0,0.0,NA
2022-07-08,4218915.448835425,629385.2947743271,1.0,0.0,8.591380615234414
2022-07-08,4218124.264616517,629039.988318814,1.0,0.0,NA
2022-07-08,4218562.796391891,629039.988318814,1.0,0.0,NA
2022-07-08,4218915.448835425,629039.988318814,1.0,0.0,NA
2022-07-08,4219026.109108419,629039.988318814,1.0,0.0,NA
2022-07-08,4219026.109108419,629385.2947743271,1.0,0.0,NA
2022-07-09,4219026.109108419,629385.2947743271,1.0,0.0,NA
2022-07-09,4218562.796391891,629385.2947743271,1.0,0.0,NA
2022-07-09,4218124.264616517,629039.988318814,1.0,0.0,NA
2022-07-09,4218915.448835425,629385.2947743271,1.0,0.0,7.209421386718759
2022-07-09,4218124.264616517,629385.2947743271,1.0,0.0,7.016367187500009
2022-07-09,4218562.796391891,629039.988318814,1.0,0.0,NA
2022-07-09,4219026.109108419,629039.988318814,1.0,0.0,NA
2022-07-09,4218915.448835425,629039.988318814,1.0,0.0,NA
2022-07-10,4218124.264616517,629039.988318814,1.0,0.0,NA
2022-07-10,4218915.448835425,629385.2947743271,1.0,0.0,6.728413085937518
2022-07-10,4218562.796391891,629039.988318814,1.0,0.0,NA
2022-07-10,4218915.448835425,629039.988318814,1.0,0.0,NA
2022-07-10,4219026.109108419,629039.988318814,1.0,0.0,NA
2022-07-10,4218124.264616517,629385.2947743271,1.0,0.0,6.746967773437518
2022-07-10,4219026.109108419,629385.2947743271,1.0,0.0,NA
2022-07-10,4218562.796391891,629385.2947743271,1.0,0.0,NA
2022-07-11,4218915.448835425,629039.988318814,1.0,0.0,NA
2022-07-11,4219026.109108419,629039.988318814,1.0,0.0,NA
2022-07-11,4218562.796391891,629039.988318814,1.0,0.0,NA
2022-07-11,4218124.264616517,629385.2947743271,1.0,0.0,5.185003662109409
2022-07-11,4218915.448835425,629385.2947743271,1.0,0.0,5.108160400390659
2022-07-11,4219026.109108419,629385.2947743271,1.0,0.0,NA
2022-07-11,4218124.264616517,629039.988318814,1.0,0.0,NA
2022-07-11,4218562.796391891,629385.2947743271,1.0,0.0,NA
2022-07-12,4219026.109108419,629039.988318814,1.0,0.0,NA
2022-07-12,4218124.264616517,629039.988318814,1.0,0.0,NA
2022-07-12,4219026.109108419,629385.2947743271,1.0,0.0,NA
2022-07-12,4218915.448835425,629385.2947743271,1.0,0.0,5.845225830078164
2022-07-12,4218562.796391891,629039.988318814,1.0,0.0,NA
2022-07-12,4218915.448835425,629039.988318814,1.0,0.0,NA
2022-07-12,4218562.796391891,629385.2947743271,1.0,0.0,NA
2022-07-12,4218124.264616517,629385.2947743271,1.0,0.0,6.121074218750039
2022-07-13,4218915.448835425,629039.988318814,1.0,0.0,NA
2022-07-13,4219026.109108419,629385.2947743271,1.0,0.0,NA
2022-07-13,4218124.264616517,629039.988318814,1.0,0.0,NA
2022-07-13,4218562.796391891,629039.988318814,1.0,0.0,NA
2022-07-13,4218562.796391891,629385.2947743271,1.0,0.0,NA
2022-07-13,4219026.109108419,629039.988318814,1.0,0.0,NA
2022-07-13,4218124.264616517,629385.2947743271,1.0,0.0,8.468809814453152
2022-07-13,4218915.448835425,629385.2947743271,1.0,0.0,8.691984863281277
2022-07-14,4219026.109108419,629385.2947743271,1.0,0.0,NA
2022-07-14,4218124.264616517,629385.2947743271,1.0,0.0,5.478548583984377
2022-07-14,4218562.796391891,629385.2947743271,1.0,0.0,NA
2022-07-14,4218124.264616517,629039.988318814,1.0,0.0,NA
2022-07-14,4218915.448835425,629385.2947743271,1.0,0.0,5.409761962890627
2022-07-14,4218915.448835425,629039.988318814,1.0,0.0,NA
2022-07-14,4219026.109108419,629039.988318814,1.0,0.0,NA
2022-07-14,4218562.796391891,629039.988318814,1.0,0.0,NA
2022-07-15,4218562.796391891,629385.2947743271,1.0,0.0,NA
2022-07-15,4218915.448835425,629385.2947743271,1.0,0.0,8.866301269531277
2022-07-15,4218915.448835425,629039.988318814,1.0,0.0,NA
2022-07-15,4219026.109108419,629039.988318814,1.0,0.0,NA
2022-07-15,4218124.264616517,629385.2947743271,1.0,0.0,8.238371582031277
2022-07-15,4218124.264616517,629039.988318814,1.0,0.0,NA
2022-07-15,4219026.109108419,629385.2947743271,1.0,0.0,NA
2022-07-15,4218562.796391891,629039.988318814,1.0,0.0,NA
2022-07-16,4218562.796391891,629039.988318814,1.0,0.0,NA
2022-07-16,4219026.109108419,629385.2947743271,1.0,0.0,NA
2022-07-16,4218915.448835425,629385.2947743271,1.0,0.0,8.10140136718752
2022-07-16,4218562.796391891,629385.2947743271,1.0,0.0,NA
2022-07-16,4218915.448835425,629039.988318814,1.0,0.0,NA
2022-07-16,4219026.109108419,629039.988318814,1.0,0.0,NA
2022-07-16,4218124.264616517,629385.2947743271,1.0,0.0,7.7663488769531455
2022-07-16,4218124.264616517,629039.988318814,1.0,0.0,NA
2022-07-17,4218915.448835425,629385.2947743271,1.0,0.0,5.897149658203148
2022-07-17,4218562.796391891,629039.988318814,1.0,0.0,NA
2022-07-17,4219026.109108419,629039.988318814,1.0,0.0,NA
2022-07-17,4218915.448835425,629039.988318814,1.0,0.0,NA
2022-07-17,4218124.264616517,629385.2947743271,1.0,0.0,5.563775634765648
2022-07-17,4219026.109108419,629385.2947743271,1.0,0.0,NA
2022-07-17,4218562.796391891,629385.2947743271,1.0,0.0,NA
2022-07-17,4218124.264616517,629039.988318814,1.0,0.0,NA
2022-07-18,4218562.796391891,629039.988318814,1.0,0.0,NA
2022-07-18,4219026.109108419,629385.2947743271,1.0,0.0,NA
2022-07-18,4219026.109108419,629039.988318814,1.0,0.0,NA
2022-07-18,4218562.796391891,629385.2947743271,1.0,0.0,NA
2022-07-18,4218915.448835425,629039.988318814,1.0,0.0,NA
2022-07-18,4218124.264616517,629385.2947743271,1.0,0.0,5.3610278320312545
2022-07-18,4218915.448835425,629385.2947743271,1.0,0.0,5.4627429199218795
2022-07-18,4218124.264616517,629039.988318814,1.0,0.0,NA
2022-07-19,4218124.264616517,629039.988318814,1.0,0.0,NA
2022-07-19,4218915.448835425,629039.988318814,1.0,0.0,NA
2022-07-19,4218124.264616517,629385.2947743271,1.0,0.0,5.451215820312541
2022-07-19,4218562.796391891,629039.988318814,1.0,0.0,NA
2022-07-19,4219026.109108419,629385.2947743271,1.0,0.0,NA
2022-07-19,4219026.109108419,629039.988318814,1.0,0.0,NA
2022-07-19,4218915.448835425,629385.2947743271,1.0,0.0,5.365156250000041
2022-07-19,4218562.796391891,629385.2947743271,1.0,0.0,NA
2022-07-20,4218915.448835425,629385.2947743271,1.0,0.0,7.0038061523437705
2022-07-20,4218124.264616517,629385.2947743271,1.0,0.0,6.2492590332031455
2022-07-20,4219026.109108419,629039.988318814,1.0,0.0,NA
2022-07-20,4218562.796391891,629385.2947743271,1.0,0.0,NA
2022-07-20,4219026.109108419,629385.2947743271,1.0,0.0,NA
2022-07-20,4218124.264616517,629039.988318814,1.0,0.0,NA
2022-07-20,4218562.796391891,629039.988318814,1.0,0.0,NA
2022-07-20,4218915.448835425,629039.988318814,1.0,0.0,NA
2022-07-21,4219026.109108419,629039.988318814,1.0,0.0,NA
2022-07-21,4218124.264616517,629039.988318814,1.0,0.0,NA
2022-07-21,4218562.796391891,629039.988318814,1.0,0.0,NA
2022-07-21,4218915.448835425,629385.2947743271,1.0,0.0,8.026469726562539
2022-07-21,4218915.448835425,629039.988318814,1.0,0.0,NA
2022-07-21,4219026.109108419,629385.2947743271,1.0,0.0,NA
2022-07-21,4218124.264616517,629385.2947743271,1.0,0.0,7.696696777343789
2022-07-21,4218562.796391891,629385.2947743271,1.0,0.0,NA
2022-07-22,4218915.448835425,629385.2947743271,1.0,0.0,6.371572265625048
2022-07-22,4218562.796391891,629385.2947743271,1.0,0.0,NA
2022-07-22,4218124.264616517,629385.2947743271,1.0,0.0,6.293081054687548
2022-07-22,4219026.109108419,629039.988318814,1.0,0.0,NA
2022-07-22,4219026.109108419,629385.2947743271,1.0,0.0,NA
2022-07-22,4218915.448835425,629039.988318814,1.0,0.0,NA
2022-07-22,4218562.796391891,629039.988318814,1.0,0.0,NA
2022-07-22,4218124.264616517,629039.988318814,1.0,0.0,NA
2022-07-23,4218562.796391891,629039.988318814,1.0,0.0,NA
2022-07-23,4218562.796391891,629385.2947743271,1.0,0.0,NA
2022-07-23,4219026.109108419,629039.988318814,1.0,0.0,NA
2022-07-23,4218915.448835425,629385.2947743271,1.0,0.0,9.829594726562505
2022-07-23,4218124.264616517,629039.988318814,1.0,0.0,NA
2022-07-23,4218124.264616517,629385.2947743271,1.0,0.0,9.811284179687505
2022-07-23,4219026.109108419,629385.2947743271,1.0,0.0,NA
2022-07-23,4218915.448835425,629039.988318814,1.0,0.0,NA
2022-07-24,4218562.796391891,629385.2947743271,1.0,0.0,NA
2022-07-24,4218124.264616517,629385.2947743271,1.0,0.0,8.072580566406259
2022-07-24,4218915.448835425,629385.2947743271,1.0,0.0,8.271097412109384
2022-07-24,4219026.109108419,629385.2947743271,1.0,0.0,NA
2022-07-24,4218915.448835425,629039.988318814,1.0,0.0,NA
2022-07-24,4218124.264616517,629039.988318814,1.0,0.0,NA
2022-07-24,4219026.109108419,629039.988318814,1.0,0.0,NA
2022-07-24,4218562.796391891,629039.988318814,1.0,0.0,NA
2022-07-25,4219026.109108419,629385.2947743271,1.0,0.0,NA
2022-07-25,4218124.264616517,629039.988318814,1.0,0.0,NA
2022-07-25,4218915.448835425,629385.2947743271,1.0,0.0,7.399858398437516
2022-07-25,4219026.109108419,629039.988318814,1.0,0.0,NA
2022-07-25,4218562.796391891,629039.988318814,1.0,0.0,NA
2022-07-25,4218562.796391891,629385.2947743271,1.0,0.0,NA
2022-07-25,4218915.448835425,629039.988318814,1.0,0.0,NA
2022-07-25,4218124.264616517,629385.2947743271,1.0,0.0,6.508928222656266
2022-07-26,4218562.796391891,629385.2947743271,1.0,0.0,NA
2022-07-26,4218915.448835425,629039.988318814,1.0,0.0,NA
2022-07-26,4219026.109108419,629385.2947743271,1.0,0.0,NA
2022-07-26,4218124.264616517,629039.988318814,1.0,0.0,NA
2022-07-26,4218562.796391891,629039.988318814,1.0,0.0,NA
2022-07-26,4218124.264616517,629385.2947743271,1.0,0.0,7.004711914062511
2022-07-26,4218915.448835425,629385.2947743271,1.0,0.0,7.133282470703136
2022-07-26,4219026.109108419,629039.988318814,1.0,0.0,NA
2022-07-27,4219026.109108419,629385.2947743271,1.0,0.0,NA
2022-07-27,4218562.796391891,629039.988318814,1.0,0.0,NA
2022-07-27,4218562.796391891,629385.2947743271,1.0,0.0,NA
2022-07-27,4218124.264616517,629385.2947743271,1.0,0.0,6.647231445312514
2022-07-27,4219026.109108419,629039.988318814,1.0,0.0,NA
2022-07-27,4218915.448835425,629385.2947743271,1.0,0.0,6.634444580078139
2022-07-27,4218915.448835425,629039.988318814,1.0,0.0,NA
2022-07-27,4218124.264616517,629039.988318814,1.0,0.0,NA
2022-07-28,4218124.264616517,629385.2947743271,1.0,0.0,NA
2022-07-28,4218124.264616517,629039.988318814,1.0,0.0,NA
2022-07-28,4219026.109108419,629385.2947743271,1.0,0.0,NA
2022-07-28,4218562.796391891,629385.2947743271,1.0,0.0,NA
2022-07-28,4218562.796391891,629039.988318814,1.0,0.0,NA
2022-07-28,4218915.448835425,629385.2947743271,1.0,0.0,NA
2022-07-28,4219026.109108419,629039.988318814,1.0,0.0,NA
2022-07-28,4218915.448835425,629039.988318814,1.0,0.0,NA
2022-07-29,4218915.448835425,629039.988318814,1.0,0.0,NA
2022-07-29,4218124.264616517,629039.988318814,1.0,0.0,NA
2022-07-29,4218915.448835425,629385.2947743271,1.0,0.0,8.199954833984407
2022-07-29,4218562.796391891,629039.988318814,1.0,0.0,NA
2022-07-29,4219026.109108419,629039.988318814,1.0,0.0,NA
2022-07-29,4218124.264616517,629385.2947743271,1.0,0.0,8.274295654296907
2022-07-29,4218562.796391891,629385.2947743271,1.0,0.0,NA
2022-07-29,4219026.109108419,629385.2947743271,1.0,0.0,NA
2022-07-30,4219026.109108419,629385.2947743271,1.0,0.0,NA
2022-07-30,4218562.796391891,629039.988318814,1.0,0.0,NA
2022-07-30,4219026.109108419,629039.988318814,1.0,0.0,NA
2022-07-30,4218915.448835425,629039.988318814,1.0,0.0,NA
2022-07-30,4218124.264616517,629039.988318814,1.0,0.0,NA
2022-07-30,4218124.264616517,629385.2947743271,1.0,0.0,8.01889160156253
2022-07-30,4218562.796391891,629385.2947743271,1.0,0.0,NA
2022-07-30,4218915.448835425,629385.2947743271,1.0,0.0,7.690552978515655
2022-07-31,4219026.109108419,629039.988318814,1.0,0.0,NA
2022-07-31,4218915.448835425,629039.988318814,1.0,0.0,NA
2022-07-31,4219026.109108419,629385.2947743271,1.0,0.0,NA
2022-07-31,4218124.264616517,629039.988318814,1.0,0.0,NA
2022-07-31,4218124.264616517,629385.2947743271,1.0,0.0,9.54559326171875
2022-07-31,4218915.448835425,629385.2947743271,1.0,0.0,9.54168701171875
2022-07-31,4218562.796391891,629039.988318814,1.0,0.0,NA
2022-07-31,4218562.796391891,629385.2947743271,1.0,0.0,NA
2022-08-01,4218915.448835425,629039.988318814,1.0,0.0,NA
2022-08-01,4218562.796391891,629039.988318814,1.0,0.0,NA
2022-08-01,4219026.109108419,629385.2947743271,1.0,0.0,NA
2022-08-01,4218915.448835425,629385.2947743271,1.0,0.0,NA
2022-08-01,4219026.109108419,629039.988318814,1.0,0.0,NA
2022-08-01,4218562.796391891,629385.2947743271,1.0,0.0,NA
2022-08-01,4218124.264616517,629385.2947743271,1.0,0.0,NA
2022-08-01,4218124.264616517,629039.988318814,1.0,0.0,NA
2022-08-02,4218562.796391891,629039.988318814,1.0,0.0,NA
2022-08-02,4218124.264616517,629385.2947743271,1.0,0.0,6.759857177734375
2022-08-02,4218915.448835425,629039.988318814,1.0,0.0,NA
2022-08-02,4218915.448835425,629385.2947743271,1.0,0.0,6.571502685546875
2022-08-02,4218562.796391891,629385.2947743271,1.0,0.0,NA
2022-08-02,4219026.109108419,629385.2947743271,1.0,0.0,NA
2022-08-02,4219026.109108419,629039.988318814,1.0,0.0,NA
2022-08-02,4218124.264616517,629039.988318814,1.0,0.0,NA
2022-08-03,4219026.109108419,629385.2947743271,1.0,0.0,NA
2022-08-03,4218562.796391891,629039.988318814,1.0,0.0,NA
2022-08-03,4218124.264616517,629385.2947743271,1.0,0.0,7.500463867187534
2022-08-03,4218562.796391891,629385.2947743271,1.0,0.0,NA
2022-08-03,4219026.109108419,629039.988318814,1.0,0.0,NA
2022-08-03,4218124.264616517,629039.988318814,1.0,0.0,NA
2022-08-03,4218915.448835425,629385.2947743271,1.0,0.0,7.732733154296909
2022-08-03,4218915.448835425,629039.988318814,1.0,0.0,NA
2022-08-04,4218915.448835425,629039.988318814,1.0,0.0,NA
2022-08-04,4218124.264616517,629385.2947743271,1.0,0.0,6.39745727539065
2022-08-04,4218915.448835425,629385.2947743271,1.0,0.0,6.6364099121094
2022-08-04,4219026.109108419,629385.2947743271,1.0,0.0,NA
2022-08-04,4218124.264616517,629039.988318814,1.0,0.0,NA
2022-08-04,4218562.796391891,629385.2947743271,1.0,0.0,NA
2022-08-04,4218562.796391891,629039.988318814,1.0,0.0,NA
2022-08-04,4219026.109108419,629039.988318814,1.0,0.0,NA
2022-08-05,4219026.109108419,629039.988318814,1.0,0.0,NA
2022-08-05,4219026.109108419,629385.2947743271,1.0,0.0,NA
2022-08-05,4218915.448835425,629385.2947743271,1.0,0.0,8.971813964843761
2022-08-05,4218562.796391891,629039.988318814,1.0,0.0,NA
2022-08-05,4218124.264616517,629385.2947743271,1.0,0.0,9.139263916015636
2022-08-05,4218915.448835425,629039.988318814,1.0,0.0,NA
2022-08-05,4218124.264616517,629039.988318814,1.0,0.0,NA
2022-08-05,4218562.796391891,629385.2947743271,1.0,0.0,NA
2022-08-06,4218124.264616517,629385.2947743271,1.0,0.0,6.832530517578164
2022-08-06,4219026.109108419,629039.988318814,1.0,0.0,NA
2022-08-06,4218915.448835425,629039.988318814,1.0,0.0,NA
2022-08-06,4218562.796391891,629385.2947743271,1.0,0.0,NA
2022-08-06,4219026.109108419,629385.2947743271,1.0,0.0,NA
2022-08-06,4218915.448835425,629385.2947743271,1.0,0.0,6.643535156250039
2022-08-06,4218124.264616517,629039.988318814,1.0,0.0,NA
2022-08-06,4218562.796391891,629039.988318814,1.0,0.0,NA
2022-08-07,4219026.109108419,629385.2947743271,1.0,0.0,NA
2022-08-07,4218562.796391891,629385.2947743271,1.0,0.0,NA
2022-08-07,4218562.796391891,629039.988318814,1.0,0.0,NA
2022-08-07,4219026.109108419,629039.988318814,1.0,0.0,NA
2022-08-07,4218915.448835425,629039.988318814,1.0,0.0,NA
2022-08-07,4218915.448835425,629385.2947743271,1.0,0.0,8.166458740234418
2022-08-07,4218124.264616517,629385.2947743271,1.0,0.0,8.331986083984418
2022-08-07,4218124.264616517,629039.988318814,1.0,0.0,NA
2022-08-08,4218562.796391891,629385.2947743271,1.0,0.0,NA
2022-08-08,4218124.264616517,629385.2947743271,1.0,0.0,3.107380371093768
2022-08-08,4219026.109108419,629039.988318814,1.0,0.0,NA
2022-08-08,4218915.448835425,629385.2947743271,1.0,0.0,6.314930419921893
2022-08-08,4218124.264616517,629039.988318814,1.0,0.0,NA
2022-08-08,4218915.448835425,629039.988318814,1.0,0.0,NA
2022-08-08,4219026.109108419,629385.2947743271,1.0,0.0,NA
2022-08-08,4218562.796391891,629039.988318814,1.0,0.0,NA
2022-08-09,4218124.264616517,629039.988318814,1.0,0.0,NA
2022-08-09,4218915.448835425,629039.988318814,1.0,0.0,NA
2022-08-09,4218915.448835425,629385.2947743271,1.0,0.0,7.201125488281264
2022-08-09,4218562.796391891,629039.988318814,1.0,0.0,NA
2022-08-09,4218124.264616517,629385.2947743271,1.0,0.0,7.703780517578139
2022-08-09,4219026.109108419,629385.2947743271,1.0,0.0,NA
2022-08-09,4218562.796391891,629385.2947743271,1.0,0.0,NA
2022-08-09,4219026.109108419,629039.988318814,1.0,0.0,NA
2022-08-10,4219026.109108419,629385.2947743271,1.0,0.0,NA
2022-08-10,4218915.448835425,629039.988318814,1.0,0.0,NA
2022-08-10,4218915.448835425,629385.2947743271,1.0,0.0,5.943218994140636
2022-08-10,4219026.109108419,629039.988318814,1.0,0.0,NA
2022-08-10,4218562.796391891,629385.2947743271,1.0,0.0,NA
2022-08-10,4218124.264616517,629385.2947743271,1.0,0.0,5.756970214843761
2022-08-10,4218562.796391891,629039.988318814,1.0,0.0,NA
2022-08-10,4218124.264616517,629039.988318814,1.0,0.0,NA
2022-08-11,4219026.109108419,629039.988318814,1.0,0.0,NA
2022-08-11,4218124.264616517,629385.2947743271,1.0,0.0,4.643911132812548
2022-08-11,4218915.448835425,629385.2947743271,1.0,0.0,4.453267822265673
2022-08-11,4218562.796391891,629039.988318814,1.0,0.0,NA
2022-08-11,4218562.796391891,629385.2947743271,1.0,0.0,NA
2022-08-11,4218124.264616517,629039.988318814,1.0,0.0,NA
2022-08-11,4218915.448835425,629039.988318814,1.0,0.0,NA
2022-08-11,4219026.109108419,629385.2947743271,1.0,0.0,NA
2022-08-12,4218562.796391891,629039.988318814,1.0,0.0,NA
2022-08-12,4219026.109108419,629385.2947743271,1.0,0.0,NA
2022-08-12,4218562.796391891,629385.2947743271,1.0,0.0,NA
2022-08-12,4218124.264616517,629039.988318814,1.0,0.0,NA
2022-08-12,4218915.448835425,629385.2947743271,1.0,0.0,7.940452880859425
2022-08-12,4219026.109108419,629039.988318814,1.0,0.0,NA
2022-08-12,4218124.264616517,629385.2947743271,1.0,0.0,8.010521240234425
2022-08-12,4218915.448835425,629039.988318814,1.0,0.0,NA
2022-08-13,4218562.796391891,629039.988318814,1.0,0.0,NA
2022-08-13,4218915.448835425,629385.2947743271,1.0,0.0,7.48931152343755
2022-08-13,4219026.109108419,629039.988318814,1.0,0.0,NA
2022-08-13,4218124.264616517,629039.988318814,1.0,0.0,NA
2022-08-13,4218124.264616517,629385.2947743271,1.0,0.0,7.252586669921925
2022-08-13,4218915.448835425,629039.988318814,1.0,0.0,NA
2022-08-13,4219026.109108419,629385.2947743271,1.0,0.0,NA
2022-08-13,4218562.796391891,629385.2947743271,1.0,0.0,NA
2022-08-14,4219026.109108419,629039.988318814,1.0,0.0,NA
2022-08-14,4218562.796391891,629385.2947743271,1.0,0.0,NA
2022-08-14,4218915.448835425,629385.2947743271,1.0,0.0,7.5610913085937455
2022-08-14,4218124.264616517,629039.988318814,1.0,0.0,NA
2022-08-14,4219026.109108419,629385.2947743271,1.0,0.0,NA
2022-08-14,4218562.796391891,629039.988318814,1.0,0.0,NA
2022-08-14,4218124.264616517,629385.2947743271,1.0,0.0,7.4136303710937455
2022-08-14,4218915.448835425,629039.988318814,1.0,0.0,NA
2022-08-15,4218124.264616517,629039.988318814,1.0,0.0,NA
2022-08-15,4219026.109108419,629039.988318814,1.0,0.0,NA
2022-08-15,4218562.796391891,629385.2947743271,1.0,0.0,NA
2022-08-15,4218562.796391891,629039.988318814,1.0,0.0,NA
2022-08-15,4218124.264616517,629385.2947743271,1.0,0.0,5.7463903808593955
2022-08-15,4218915.448835425,629385.2947743271,1.0,0.0,6.1104040527343955
2022-08-15,4219026.109108419,629385.2947743271,1.0,0.0,NA
2022-08-15,4218915.448835425,629039.988318814,1.0,0.0,NA
2022-08-16,4219026.109108419,629039.988318814,1.0,0.0,NA
2022-08-16,4218124.264616517,629039.988318814,1.0,0.0,NA
2022-08-16,4218562.796391891,629039.988318814,1.0,0.0,NA
2022-08-16,4218915.448835425,629385.2947743271,1.0,0.0,5.8045605468749955
2022-08-16,4218562.796391891,629385.2947743271,1.0,0.0,NA
2022-08-16,4219026.109108419,629385.2947743271,1.0,0.0,NA
2022-08-16,4218124.264616517,629385.2947743271,1.0,0.0,5.5702160644531205
2022-08-16,4218915.448835425,629039.988318814,1.0,0.0,NA
2022-08-17,4218915.448835425,629385.2947743271,1.0,0.0,11.15244018554688
2022-08-17,4219026.109108419,629039.988318814,1.0,0.0,NA
2022-08-17,4218562.796391891,629385.2947743271,1.0,0.0,NA
2022-08-17,4218124.264616517,629039.988318814,1.0,0.0,NA
2022-08-17,4218562.796391891,629039.988318814,1.0,0.0,NA
2022-08-17,4219026.109108419,629385.2947743271,1.0,0.0,NA
2022-08-17,4218124.264616517,629385.2947743271,1.0,0.0,11.04562866210938
2022-08-17,4218915.448835425,629039.988318814,1.0,0.0,NA
2022-08-18,4218124.264616517,629039.988318814,1.0,0.0,NA
2022-08-18,4218562.796391891,629039.988318814,1.0,0.0,NA
2022-08-18,4218562.796391891,629385.2947743271,1.0,0.0,NA
2022-08-18,4219026.109108419,629039.988318814,1.0,0.0,NA
2022-08-18,4219026.109108419,629385.2947743271,1.0,0.0,NA
2022-08-18,4218915.448835425,629039.988318814,1.0,0.0,NA
2022-08-18,4218915.448835425,629385.2947743271,1.0,0.0,6.079271240234391
2022-08-18,4218124.264616517,629385.2947743271,1.0,0.0,5.387834472656266
2022-08-19,4218915.448835425,629385.2947743271,1.0,0.0,7.835999755859405
2022-08-19,4218562.796391891,629039.988318814,1.0,0.0,NA
2022-08-19,4218562.796391891,629385.2947743271,1.0,0.0,NA
2022-08-19,4218915.448835425,629039.988318814,1.0,0.0,NA
2022-08-19,4218124.264616517,629385.2947743271,1.0,0.0,7.163453369140655
2022-08-19,4219026.109108419,629385.2947743271,1.0,0.0,NA
2022-08-19,4218124.264616517,629039.988318814,1.0,0.0,NA
2022-08-19,4219026.109108419,629039.988318814,1.0,0.0,NA
2022-08-20,4218124.264616517,629385.2947743271,1.0,0.0,6.483933105468793
2022-08-20,4219026.109108419,629039.988318814,1.0,0.0,NA
2022-08-20,4218562.796391891,629385.2947743271,1.0,0.0,NA
2022-08-20,4218915.448835425,629039.988318814,1.0,0.0,NA
2022-08-20,4219026.109108419,629385.2947743271,1.0,0.0,NA
2022-08-20,4218915.448835425,629385.2947743271,1.0,0.0,7.165817871093793
2022-08-20,4218562.796391891,629039.988318814,1.0,0.0,NA
2022-08-20,4218124.264616517,629039.988318814,1.0,0.0,NA
2022-08-21,4218124.264616517,629385.2947743271,1.0,0.0,6.888540039062548
2022-08-21,4218562.796391891,629039.988318814,1.0,0.0,NA
2022-08-21,4219026.109108419,629385.2947743271,1.0,0.0,NA
2022-08-21,4218915.448835425,629385.2947743271,1.0,0.0,7.496236572265673
2022-08-21,4218562.796391891,629385.2947743271,1.0,0.0,NA
2022-08-21,4218124.264616517,629039.988318814,1.0,0.0,NA
2022-08-21,4219026.109108419,629039.988318814,1.0,0.0,NA
2022-08-21,4218915.448835425,629039.988318814,1.0,0.0,NA
2022-08-22,4218562.796391891,629039.988318814,1.0,0.0,6.768405761718782
2022-08-22,4218915.448835425,629039.988318814,1.0,0.0,NA
2022-08-22,4219026.109108419,629385.2947743271,1.0,0.0,NA
2022-08-22,4218915.448835425,629385.2947743271,1.0,0.0,6.660159912109407
2022-08-22,4218562.796391891,629385.2947743271,1.0,0.0,NA
2022-08-22,4219026.109108419,629039.988318814,1.0,0.0,6.344394531250032
2022-08-22,4218124.264616517,629039.988318814,1.0,0.0,NA
2022-08-22,4218124.264616517,629385.2947743271,1.0,0.0,5.866458740234407
2022-08-23,4219026.109108419,629039.988318814,1.0,0.0,8.403492431640643
2022-08-23,4218124.264616517,629385.2947743271,1.0,0.0,7.054829101562518
2022-08-23,4218562.796391891,629039.988318814,1.0,0.0,7.948200683593768
2022-08-23,4218562.796391891,629385.2947743271,1.0,0.0,NA
2022-08-23,4218124.264616517,629039.988318814,1.0,0.0,NA
2022-08-23,4219026.109108419,629385.2947743271,1.0,0.0,NA
2022-08-23,4218915.448835425,629385.2947743271,1.0,0.0,8.668995361328143
2022-08-23,4218915.448835425,629039.988318814,1.0,0.0,NA
2022-08-24,4219026.109108419,629039.988318814,1.0,0.0,NA
2022-08-24,4218562.796391891,629385.2947743271,1.0,0.0,NA
2022-08-24,4218124.264616517,629039.988318814,1.0,0.0,NA
2022-08-24,4218124.264616517,629385.2947743271,1.0,0.0,5.623358154296909
2022-08-24,4218915.448835425,629385.2947743271,1.0,0.0,6.310400390625034
2022-08-24,4218915.448835425,629039.988318814,1.0,0.0,NA
2022-08-24,4218562.796391891,629039.988318814,1.0,0.0,NA
2022-08-24,4219026.109108419,629385.2947743271,1.0,0.0,NA
2022-08-25,4218562.796391891,629385.2947743271,1.0,0.0,NA
2022-08-25,4218124.264616517,629039.988318814,1.0,0.0,NA
2022-08-25,4218915.448835425,629385.2947743271,1.0,0.0,11.80358520507815
2022-08-25,4219026.109108419,629039.988318814,1.0,0.0,9.807277832031275
2022-08-25,4218562.796391891,629039.988318814,1.0,0.0,9.09435668945315
2022-08-25,4218915.448835425,629039.988318814,1.0,0.0,NA
2022-08-25,4218124.264616517,629385.2947743271,1.0,0.0,9.506923828125025
2022-08-25,4219026.109108419,629385.2947743271,1.0,0.0,NA
2022-08-26,4219026.109108419,629039.988318814,1.0,0.0,9.972242431640666
2022-08-26,4218124.264616517,629039.988318814,1.0,0.0,NA
2022-08-26,4218915.448835425,629385.2947743271,1.0,0.0,10.975660400390666
2022-08-26,4218915.448835425,629039.988318814,1.0,0.0,NA
2022-08-26,4218124.264616517,629385.2947743271,1.0,0.0,9.498334960937541
2022-08-26,4218562.796391891,629385.2947743271,1.0,0.0,NA
2022-08-26,4219026.109108419,629385.2947743271,1.0,0.0,NA
2022-08-26,4218562.796391891,629039.988318814,1.0,0.0,10.230421142578166
2022-08-27,4219026.109108419,629039.988318814,1.0,0.0,9.399787597656257
2022-08-27,4219026.109108419,629385.2947743271,1.0,0.0,NA
2022-08-27,4218562.796391891,629385.2947743271,1.0,0.0,NA
2022-08-27,4218124.264616517,629039.988318814,1.0,0.0,NA
2022-08-27,4218915.448835425,629385.2947743271,1.0,0.0,11.492194824218757
2022-08-27,4218562.796391891,629039.988318814,1.0,0.0,9.869056396484382
2022-08-27,4218915.448835425,629039.988318814,1.0,0.0,NA
2022-08-27,4218124.264616517,629385.2947743271,1.0,0.0,8.888496093750007
2022-08-28,4218124.264616517,629039.988318814,1.0,0.0,NA
2022-08-28,4218562.796391891,629039.988318814,1.0,0.0,NA
2022-08-28,4219026.109108419,629039.988318814,1.0,0.0,NA
2022-08-28,4218915.448835425,629039.988318814,1.0,0.0,NA
2022-08-28,4218915.448835425,629385.2947743271,1.0,0.0,9.98468017578125
2022-08-28,4219026.109108419,629385.2947743271,1.0,0.0,NA
2022-08-28,4218562.796391891,629385.2947743271,1.0,0.0,NA
2022-08-28,4218124.264616517,629385.2947743271,1.0,0.0,7.930572509765625
2022-08-29,4219026.109108419,629385.2947743271,1.0,0.0,NA
2022-08-29,4219026.109108419,629039.988318814,1.0,0.0,NA
2022-08-29,4218915.448835425,629385.2947743271,1.0,0.0,4.341824951171873
2022-08-29,4218124.264616517,629385.2947743271,1.0,0.0,1.3492102050781227
2022-08-29,4218562.796391891,629385.2947743271,1.0,0.0,NA
2022-08-29,4218124.264616517,629039.988318814,1.0,0.0,NA
2022-08-29,4218915.448835425,629039.988318814,1.0,0.0,NA
2022-08-29,4218562.796391891,629039.988318814,1.0,0.0,NA
2022-08-30,4218915.448835425,629385.2947743271,1.0,0.0,11.836704101562532
2022-08-30,4218124.264616517,629039.988318814,1.0,0.0,NA
2022-08-30,4219026.109108419,629039.988318814,1.0,0.0,9.719913330078157
2022-08-30,4218562.796391891,629039.988318814,1.0,0.0,9.389224853515657
2022-08-30,4219026.109108419,629385.2947743271,1.0,0.0,NA
2022-08-30,4218562.796391891,629385.2947743271,1.0,0.0,NA
2022-08-30,4218124.264616517,629385.2947743271,1.0,0.0,8.613315429687532
2022-08-30,4218915.448835425,629039.988318814,1.0,0.0,NA
2022-08-31,4218562.796391891,629039.988318814,1.0,0.0,4.853087158203152
2022-08-31,4218124.264616517,629385.2947743271,1.0,0.0,5.063750000000027
2022-08-31,4218915.448835425,629385.2947743271,1.0,0.0,7.330992431640652
2022-08-31,4218124.264616517,629039.988318814,1.0,0.0,NA
2022-08-31,4219026.109108419,629039.988318814,1.0,0.0,5.026976318359402
2022-08-31,4219026.109108419,629385.2947743271,1.0,0.0,NA
2022-08-31,4218562.796391891,629385.2947743271,1.0,0.0,NA
2022-08-31,4218915.448835425,629039.988318814,1.0,0.0,NA
2022-09-01,4218915.448835425,629039.988318814,1.0,0.0,NA
2022-09-01,4218915.448835425,629385.2947743271,1.0,0.0,9.612962646484391
2022-09-01,4218124.264616517,629039.988318814,1.0,0.0,NA
2022-09-01,4219026.109108419,629039.988318814,1.0,0.0,7.939042968750016
2022-09-01,4219026.109108419,629385.2947743271,1.0,0.0,NA
2022-09-01,4218562.796391891,629039.988318814,1.0,0.0,8.077775878906266
2022-09-01,4218124.264616517,629385.2947743271,1.0,0.0,9.428728027343766
2022-09-01,4218562.796391891,629385.2947743271,1.0,0.0,NA
2022-09-02,4218562.796391891,629039.988318814,1.0,0.0,7.7322338867187455
2022-09-02,4219026.109108419,629039.988318814,1.0,0.0,7.4416760253906205
2022-09-02,4219026.109108419,629385.2947743271,1.0,0.0,NA
2022-09-02,4218124.264616517,629385.2947743271,1.0,0.0,6.5136364746093705
2022-09-02,4218124.264616517,629039.988318814,1.0,0.0,NA
2022-09-02,4218562.796391891,629385.2947743271,1.0,0.0,NA
2022-09-02,4218915.448835425,629039.988318814,1.0,0.0,NA
2022-09-02,4218915.448835425,629385.2947743271,1.0,0.0,7.3302563476562455
2022-09-03,4218915.448835425,629039.988318814,1.0,0.0,NA
2022-09-03,4219026.109108419,629385.2947743271,1.0,0.0,NA
2022-09-03,4218124.264616517,629039.988318814,1.0,0.0,NA
2022-09-03,4218124.264616517,629385.2947743271,1.0,0.0,10.446101074218745
2022-09-03,4218915.448835425,629385.2947743271,1.0,0.0,10.643854980468745
2022-09-03,4219026.109108419,629039.988318814,1.0,0.0,8.971125488281245
2022-09-03,4218562.796391891,629039.988318814,1.0,0.0,9.20632446289062
2022-09-03,4218562.796391891,629385.2947743271,1.0,0.0,NA
2022-09-04,4218915.448835425,629039.988318814,1.0,0.0,NA
2022-09-04,4218124.264616517,629039.988318814,1.0,0.0,NA
2022-09-04,4218562.796391891,629039.988318814,1.0,0.0,10.165573730468793
2022-09-04,4218562.796391891,629385.2947743271,1.0,0.0,NA
2022-09-04,4219026.109108419,629385.2947743271,1.0,0.0,NA
2022-09-04,4218124.264616517,629385.2947743271,1.0,0.0,10.916702880859418
2022-09-04,4219026.109108419,629039.988318814,1.0,0.0,9.704422607421918
2022-09-04,4218915.448835425,629385.2947743271,1.0,0.0,11.321427001953168
2022-09-05,4218915.448835425,629039.988318814,1.0,0.0,NA
2022-09-05,4218562.796391891,629039.988318814,1.0,0.0,6.8249560546875045
2022-09-05,4218124.264616517,629039.988318814,1.0,0.0,NA
2022-09-05,4219026.109108419,629385.2947743271,1.0,0.0,NA
2022-09-05,4218562.796391891,629385.2947743271,1.0,0.0,NA
2022-09-05,4218124.264616517,629385.2947743271,1.0,0.0,5.2636462402343795
2022-09-05,4219026.109108419,629039.988318814,1.0,0.0,6.7127124023437545
2022-09-05,4218915.448835425,629385.2947743271,1.0,0.0,5.6413012695312545
2022-09-06,4218915.448835425,629385.2947743271,1.0,0.0,9.955366210937541
2022-09-06,4219026.109108419,629385.2947743271,1.0,0.0,NA
2022-09-06,4218562.796391891,629385.2947743271,1.0,0.0,NA
2022-09-06,4218124.264616517,629039.988318814,1.0,0.0,NA
2022-09-06,4219026.109108419,629039.988318814,1.0,0.0,11.613691406250041
2022-09-06,4218915.448835425,629039.988318814,1.0,0.0,NA
2022-09-06,4218562.796391891,629039.988318814,1.0,0.0,12.430921630859416
2022-09-06,4218124.264616517,629385.2947743271,1.0,0.0,9.875288085937541
2022-09-07,4218562.796391891,629385.2947743271,1.0,0.0,NA
2022-09-07,4218915.448835425,629039.988318814,1.0,0.0,NA
2022-09-07,4218562.796391891,629039.988318814,1.0,0.0,6.437828369140675
2022-09-07,4218915.448835425,629385.2947743271,1.0,0.0,5.538475341796925
2022-09-07,4219026.109108419,629039.988318814,1.0,0.0,5.8843920898438
2022-09-07,4219026.109108419,629385.2947743271,1.0,0.0,NA
2022-09-07,4218124.264616517,629385.2947743271,1.0,0.0,5.593162841796925
2022-09-07,4218124.264616517,629039.988318814,1.0,0.0,NA
2022-09-08,4218124.264616517,629385.2947743271,1.0,0.0,13.439825439453159
2022-09-08,4219026.109108419,629039.988318814,1.0,0.0,15.366857910156284
2022-09-08,4218915.448835425,629385.2947743271,1.0,0.0,12.872991943359409
2022-09-08,4218562.796391891,629385.2947743271,1.0,0.0,NA
2022-09-08,4218562.796391891,629039.988318814,1.0,0.0,16.30609741210941
2022-09-08,4218915.448835425,629039.988318814,1.0,0.0,NA
2022-09-08,4218124.264616517,629039.988318814,1.0,0.0,NA
2022-09-08,4219026.109108419,629385.2947743271,1.0,0.0,NA
2022-09-09,4218915.448835425,629039.988318814,1.0,0.0,NA
2022-09-09,4219026.109108419,629385.2947743271,1.0,0.0,NA
2022-09-09,4218562.796391891,629385.2947743271,1.0,0.0,NA
2022-09-09,4218915.448835425,629385.2947743271,1.0,0.0,3.8984252929687955
2022-09-09,4219026.109108419,629039.988318814,1.0,0.0,2.8121215820312955
2022-09-09,4218124.264616517,629385.2947743271,1.0,0.0,4.7943908691406705
2022-09-09,4218124.264616517,629039.988318814,1.0,0.0,NA
2022-09-09,4218562.796391891,629039.988318814,1.0,0.0,2.9719421386719205
2022-09-10,4218562.796391891,629039.988318814,1.0,0.0,10.197609863281286
2022-09-10,4218124.264616517,629039.988318814,1.0,0.0,NA
2022-09-10,4218562.796391891,629385.2947743271,1.0,0.0,NA
2022-09-10,4218915.448835425,629385.2947743271,1.0,0.0,11.997384033203161
2022-09-10,4219026.109108419,629039.988318814,1.0,0.0,8.215706787109411
2022-09-10,4218915.448835425,629039.988318814,1.0,0.0,NA
2022-09-10,4218124.264616517,629385.2947743271,1.0,0.0,7.459786376953161
2022-09-10,4219026.109108419,629385.2947743271,1.0,0.0,NA
2022-09-11,4218124.264616517,629385.2947743271,1.0,0.0,17.056726074218773
2022-09-11,4218562.796391891,629385.2947743271,1.0,0.0,NA
2022-09-11,4218915.448835425,629385.2947743271,1.0,0.0,17.334680175781273
2022-09-11,4218562.796391891,629039.988318814,1.0,0.0,17.039270019531273
2022-09-11,4219026.109108419,629039.988318814,1.0,0.0,16.631158447265648
2022-09-11,4218915.448835425,629039.988318814,1.0,0.0,NA
2022-09-11,4219026.109108419,629385.2947743271,1.0,0.0,NA
2022-09-11,4218124.264616517,629039.988318814,1.0,0.0,NA
2022-09-12,4218915.448835425,629385.2947743271,1.0,0.0,21.00374145507817
2022-09-12,4219026.109108419,629039.988318814,1.0,0.0,21.98366088867192
2022-09-12,4219026.109108419,629385.2947743271,1.0,0.0,NA
2022-09-12,4218562.796391891,629385.2947743271,1.0,0.0,NA
2022-09-12,4218915.448835425,629039.988318814,1.0,0.0,NA
2022-09-12,4218562.796391891,629039.988318814,1.0,0.0,20.79158325195317
2022-09-12,4218124.264616517,629039.988318814,1.0,0.0,NA
2022-09-12,4218124.264616517,629385.2947743271,1.0,0.0,20.49092407226567
2022-09-13,4219026.109108419,629039.988318814,1.0,0.0,8.863725585937516
2022-09-13,4218562.796391891,629039.988318814,1.0,0.0,12.530198974609391
2022-09-13,4218124.264616517,629039.988318814,1.0,0.0,NA
2022-09-13,4218124.264616517,629385.2947743271,1.0,0.0,14.225267333984391
2022-09-13,4218915.448835425,629039.988318814,1.0,0.0,NA
2022-09-13,4218915.448835425,629385.2947743271,1.0,0.0,13.104234619140641
2022-09-13,4218562.796391891,629385.2947743271,1.0,0.0,NA
2022-09-13,4219026.109108419,629385.2947743271,1.0,0.0,NA
2022-09-14,4219026.109108419,629039.988318814,1.0,0.0,8.573625488281266
2022-09-14,4218124.264616517,629385.2947743271,1.0,0.0,11.172197265625016
2022-09-14,4218562.796391891,629039.988318814,1.0,0.0,10.588762207031266
2022-09-14,4218915.448835425,629385.2947743271,1.0,0.0,9.503465576171891
2022-09-14,4218915.448835425,629039.988318814,1.0,0.0,NA
2022-09-14,4218124.264616517,629039.988318814,1.0,0.0,NA
2022-09-14,4218562.796391891,629385.2947743271,1.0,0.0,NA
2022-09-14,4219026.109108419,629385.2947743271,1.0,0.0,NA
2022-09-15,4219026.109108419,629039.988318814,1.0,0.0,12.416853027343791
2022-09-15,4218124.264616517,629039.988318814,1.0,0.0,NA
2022-09-15,4218124.264616517,629385.2947743271,1.0,0.0,14.566694335937541
2022-09-15,4219026.109108419,629385.2947743271,1.0,0.0,NA
2022-09-15,4218915.448835425,629039.988318814,1.0,0.0,NA
2022-09-15,4218915.448835425,629385.2947743271,1.0,0.0,13.823560791015666
2022-09-15,4218562.796391891,629385.2947743271,1.0,0.0,NA
2022-09-15,4218562.796391891,629039.988318814,1.0,0.0,14.547712402343791
2022-09-16,4219026.109108419,629385.2947743271,1.0,0.0,NA
2022-09-16,4218562.796391891,629385.2947743271,1.0,0.0,NA
2022-09-16,4218915.448835425,629385.2947743271,1.0,0.0,12.102595214843745
2022-09-16,4218915.448835425,629039.988318814,1.0,0.0,NA
2022-09-16,4218562.796391891,629039.988318814,1.0,0.0,12.02028930664062
2022-09-16,4218124.264616517,629039.988318814,1.0,0.0,NA
2022-09-16,4219026.109108419,629039.988318814,1.0,0.0,11.55568969726562
2022-09-16,4218124.264616517,629385.2947743271,1.0,0.0,13.005427246093745
2022-09-17,4218562.796391891,629039.988318814,1.0,0.0,NA
2022-09-17,4218124.264616517,629385.2947743271,1.0,0.0,17.155043945312514
2022-09-17,4218124.264616517,629039.988318814,1.0,0.0,NA
2022-09-17,4219026.109108419,629385.2947743271,1.0,0.0,NA
2022-09-17,4218915.448835425,629385.2947743271,1.0,0.0,16.121108398437514
2022-09-17,4218915.448835425,629039.988318814,1.0,0.0,NA
2022-09-17,4218562.796391891,629385.2947743271,1.0,0.0,NA
2022-09-17,4219026.109108419,629039.988318814,1.0,0.0,NA
2022-09-18,4218562.796391891,629039.988318814,1.0,0.0,7.1019946289062545
2022-09-18,4219026.109108419,629385.2947743271,1.0,0.0,NA
2022-09-18,4218124.264616517,629385.2947743271,1.0,0.0,6.3678332519531295
2022-09-18,4218915.448835425,629039.988318814,1.0,0.0,NA
2022-09-18,4218124.264616517,629039.988318814,1.0,0.0,NA
2022-09-18,4218562.796391891,629385.2947743271,1.0,0.0,NA
2022-09-18,4218915.448835425,629385.2947743271,1.0,0.0,7.5989733886718795
2022-09-18,4219026.109108419,629039.988318814,1.0,0.0,6.6444750976562545
2022-09-19,4218562.796391891,629385.2947743271,1.0,0.0,NA
2022-09-19,4219026.109108419,629039.988318814,1.0,0.0,7.545485839843764
2022-09-19,4219026.109108419,629385.2947743271,1.0,0.0,NA
2022-09-19,4218915.448835425,629385.2947743271,1.0,0.0,9.480239257812514
2022-09-19,4218562.796391891,629039.988318814,1.0,0.0,6.027388916015639
2022-09-19,4218124.264616517,629385.2947743271,1.0,0.0,4.402755126953139
2022-09-19,4218124.264616517,629039.988318814,1.0,0.0,NA
2022-09-19,4218915.448835425,629039.988318814,1.0,0.0,NA
2022-09-20,4218915.448835425,629039.988318814,1.0,0.0,NA
2022-09-20,4218124.264616517,629385.2947743271,1.0,0.0,NA
2022-09-20,4219026.109108419,629039.988318814,1.0,0.0,NA
2022-09-20,4218915.448835425,629385.2947743271,1.0,0.0,NA
2022-09-20,4218124.264616517,629039.988318814,1.0,0.0,NA
2022-09-20,4218562.796391891,629385.2947743271,1.0,0.0,NA
2022-09-20,4218562.796391891,629039.988318814,1.0,0.0,NA
2022-09-20,4219026.109108419,629385.2947743271,1.0,0.0,NA
2022-09-21,4218124.264616517,629039.988318814,1.0,0.0,NA
2022-09-21,4219026.109108419,629039.988318814,1.0,0.0,12.372864990234405
2022-09-21,4218915.448835425,629385.2947743271,1.0,0.0,12.182496337890655
2022-09-21,4218915.448835425,629039.988318814,1.0,0.0,NA
2022-09-21,4219026.109108419,629385.2947743271,1.0,0.0,NA
2022-09-21,4218562.796391891,629039.988318814,1.0,0.0,11.978272705078155
2022-09-21,4218124.264616517,629385.2947743271,1.0,0.0,17.01620605468753
2022-09-21,4218562.796391891,629385.2947743271,1.0,0.0,NA
2022-09-22,4219026.109108419,629385.2947743271,1.0,0.0,NA
2022-09-22,4218562.796391891,629385.2947743271,1.0,0.0,NA
2022-09-22,4218124.264616517,629385.2947743271,1.0,0.0,11.365107421874995
2022-09-22,4218915.448835425,629039.988318814,1.0,0.0,NA
2022-09-22,4218562.796391891,629039.988318814,1.0,0.0,10.81600463867187
2022-09-22,4218915.448835425,629385.2947743271,1.0,0.0,9.45803344726562
2022-09-22,4219026.109108419,629039.988318814,1.0,0.0,10.03664672851562
2022-09-22,4218124.264616517,629039.988318814,1.0,0.0,NA
2022-09-23,4218915.448835425,629385.2947743271,1.0,0.0,8.95327880859378
2022-09-23,4219026.109108419,629385.2947743271,1.0,0.0,NA
2022-09-23,4218915.448835425,629039.988318814,1.0,0.0,NA
2022-09-23,4218124.264616517,629385.2947743271,1.0,0.0,10.40524414062503
2022-09-23,4218562.796391891,629039.988318814,1.0,0.0,9.36923339843753
2022-09-23,4218124.264616517,629039.988318814,1.0,0.0,NA
2022-09-23,4218562.796391891,629385.2947743271,1.0,0.0,NA
2022-09-23,4219026.109108419,629039.988318814,1.0,0.0,9.162232666015655
2022-09-24,4218915.448835425,629039.988318814,1.0,0.0,NA
2022-09-24,4218124.264616517,629385.2947743271,1.0,0.0,14.505305175781245
2022-09-24,4218915.448835425,629385.2947743271,1.0,0.0,13.08932006835937
2022-09-24,4219026.109108419,629039.988318814,1.0,0.0,14.306452636718745
2022-09-24,4218562.796391891,629385.2947743271,1.0,0.0,NA
2022-09-24,4218124.264616517,629039.988318814,1.0,0.0,NA
2022-09-24,4219026.109108419,629385.2947743271,1.0,0.0,NA
2022-09-24,4218562.796391891,629039.988318814,1.0,0.0,14.403925781249995
2022-09-25,4219026.109108419,629385.2947743271,1.0,0.0,NA
2022-09-25,4218124.264616517,629385.2947743271,1.0,0.0,6.072094726562511
2022-09-25,4218562.796391891,629385.2947743271,1.0,0.0,NA
2022-09-25,4218124.264616517,629039.988318814,1.0,0.0,NA
2022-09-25,4218915.448835425,629039.988318814,1.0,0.0,NA
2022-09-25,4219026.109108419,629039.988318814,1.0,0.0,10.673535156250011
2022-09-25,4218915.448835425,629385.2947743271,1.0,0.0,5.086773681640636
2022-09-25,4218562.796391891,629039.988318814,1.0,0.0,10.914318847656261
2022-09-26,4218562.796391891,629039.988318814,1.0,0.0,16.70955566406252
2022-09-26,4218124.264616517,629039.988318814,1.0,0.0,NA
2022-09-26,4218915.448835425,629039.988318814,1.0,0.0,NA
2022-09-26,4219026.109108419,629039.988318814,1.0,0.0,16.29689697265627
2022-09-26,4218124.264616517,629385.2947743271,1.0,0.0,13.35103515625002
2022-09-26,4218915.448835425,629385.2947743271,1.0,0.0,14.21407226562502
2022-09-26,4218562.796391891,629385.2947743271,1.0,0.0,NA
2022-09-26,4219026.109108419,629385.2947743271,1.0,0.0,NA
2022-09-27,4218124.264616517,629039.988318814,1.0,0.0,NA
2022-09-27,4218915.448835425,629039.988318814,1.0,0.0,NA
2022-09-27,4219026.109108419,629039.988318814,1.0,0.0,16.825244140625045
2022-09-27,4218562.796391891,629385.2947743271,1.0,0.0,NA
2022-09-27,4218915.448835425,629385.2947743271,1.0,0.0,15.813769531250045
2022-09-27,4219026.109108419,629385.2947743271,1.0,0.0,NA
2022-09-27,4218562.796391891,629039.988318814,1.0,0.0,16.85615844726567
2022-09-27,4218124.264616517,629385.2947743271,1.0,0.0,15.703845214843795
2022-09-28,4218562.796391891,629385.2947743271,1.0,0.0,NA
2022-09-28,4219026.109108419,629385.2947743271,1.0,0.0,NA
2022-09-28,4218124.264616517,629385.2947743271,1.0,0.0,8.985201416015627
2022-09-28,4218124.264616517,629039.988318814,1.0,0.0,NA
2022-09-28,4218915.448835425,629385.2947743271,1.0,0.0,8.940432128906252
2022-09-28,4219026.109108419,629039.988318814,1.0,0.0,9.799227294921877
2022-09-28,4218915.448835425,629039.988318814,1.0,0.0,NA
2022-09-28,4218562.796391891,629039.988318814,1.0,0.0,10.363131103515627
2022-09-29,4218562.796391891,629385.2947743271,1.0,0.0,NA
2022-09-29,4218915.448835425,629039.988318814,1.0,0.0,NA
2022-09-29,4218124.264616517,629385.2947743271,1.0,0.0,13.871566162109389
2022-09-29,4218562.796391891,629039.988318814,1.0,0.0,15.360793457031264
2022-09-29,4219026.109108419,629385.2947743271,1.0,0.0,NA
2022-09-29,4219026.109108419,629039.988318814,1.0,0.0,14.735488281250014
2022-09-29,4218124.264616517,629039.988318814,1.0,0.0,NA
2022-09-29,4218915.448835425,629385.2947743271,1.0,0.0,14.481643066406264
2022-09-30,4219026.109108419,629039.988318814,1.0,0.0,11.023565673828159
2022-09-30,4218562.796391891,629385.2947743271,1.0,0.0,NA
2022-09-30,4218124.264616517,629385.2947743271,1.0,0.0,10.492437744140659
2022-09-30,4218915.448835425,629039.988318814,1.0,0.0,NA
2022-09-30,4218562.796391891,629039.988318814,1.0,0.0,11.010961914062534
2022-09-30,4218124.264616517,629039.988318814,1.0,0.0,NA
2022-09-30,4218915.448835425,629385.2947743271,1.0,0.0,11.648413085937534
2022-09-30,4219026.109108419,629385.2947743271,1.0,0.0,NA
